ResNo,ResName,Check-in date,No of nights,Room type,Adults&Children,Breakfast included?,Total cost
881239,John Smith,22\11\2016,2,executive twin,2 1,No breakfast,140.0
478255,Mary Murphy,22\11\2016,2,deluxe family,3 1,No breakfast,160.0
60265,Steven Gerrard,22\11\2016,1,classic twin,2 1,Breakfast,75.0
662826,Kevin G,30\12\2016,3,Deluxe single,1 0,No breakfast,225.0
840741,Seamus Moynihan,31/11/2016,2,executive twin,2 0,Breakfast,150.0
978428,susan,1\1\2017,2,classic single,1 0,No breakfast,0.0
879041,hi,1\1\2017,1,deluxe single,1 0,No breakfast,0.0
859349,sk,1\1\2017,2,classic single,1 0,No breakfast,0.0
734243,s,1\1\2017,1,classic single,1 1,No breakfast,0.0
198823,1,1\1\2017,1,classic single,1 1,No breakfast,0.0
512414,1,null,1,classic single,1 1,No breakfast,0.0
131478,1,null,1,classic single,1 1,No breakfast,0.0
372466,1,null,1,classic single,1 1,No breakfast,0.0
894094,1,null,3,classic single,1 1,No breakfast,0.0
494252,1,null,2,classic single,1 1,No breakfast,0.0
616994,1,null,3,classic twin,1 0,Breakfast,0.0
156728,1,null,3,classic twin,2 0,Breakfast,0.0
867958,1,null,4,classic Twin,1 0,Breakfast,0.0
201565,1,null,2,classic twin,2 0,Breakfast,140.0
683173,1,null,3,classic Twin,2 0,Breakfast,0.0
182632,lol,null,1,classic single,1 1,No breakfast,50.0
528073,tony,23\11\2016,2,deluxe family,3 1,No breakfast,80.0
699194,jack,22\11\2016,2,executive double,2 1,No breakfast,155.0
419434,f,27\11\2016,2,classic single,1 1,Breakfast,110.0
512545,t,22\11\2016,1,classic single,1 1,No breakfast,50.0
760383,1,22\11\2016,1,classic single,1 1,No breakfast,0.0
460633,Susan,22\10\2019,4,Deluxe Twin,2 1,Breakfast,310.0
